run,tot_num,n_trig,n_SAC,n_BAC,n_KVC,effSAC,effBAC,effKVC
531,25038,25038,24378,21986,25007,0.97364,0.878105,0.998762
