run,tot_num,n_trig,n_SAC,n_BAC,n_KVC,effSAC,effBAC,effKVC
531,25038,23566,22846,21692,23539,0.969448,0.920479,0.998854
