run,tot_num,n_trig,n_SAC,n_BAC,n_KVC,effSAC,effBAC,effKVC
333,25065,23565,23031,1724,17334,0.977339,0.0731593,0.735582
